{
  "Amazonas": ["Leticia", "Puerto Nariño"],
  "Antioquia": ["Medellín", "Bello", "Envigado", "Itagüí", "Rionegro", "Sabaneta", "Copacabana", "Turbo", "Apartadó", "Caucasia", "La Ceja", "Marinilla"],
  "Arauca": ["Arauca", "Arauquita", "Saravena", "Cravo Norte", "Puerto Rondón"],
  "Atlántico": ["Barranquilla", "Soledad", "Malambo", "Galapa", "Sabanalarga", "Baranoa", "Puerto Colombia", "Campo de la Cruz"],
  "Bogotá D.C.": ["Bogotá"],
  "Bolívar": ["Cartagena", "Magangué", "Turbaco", "Arjona", "El Carmen de Bolívar", "San Juan Nepomuceno", "Mompox"],
  "Boyacá": ["Tunja", "Duitama", "Sogamoso", "Chiquinquirá", "Paipa", "Villa de Leyva", "Nobsa", "Samacá", "Moniquirá"],
  "Caldas": ["Manizales", "Villamaría", "Chinchiná", "La Dorada", "Riosucio", "Salamina"],
  "Caquetá": ["Florencia", "San Vicente del Caguán", "Puerto Rico", "El Doncello"],
  "Casanare": ["Yopal", "Aguazul", "Villanueva", "Monterrey", "Maní"],
  "Cauca": ["Popayán", "Santander de Quilichao", "Puerto Tejada", "Patía", "Timbío"],
  "Cesar": ["Valledupar", "Aguachica", "Codazzi", "La Jagua de Ibirico", "Curumaní"],
  "Chocó": ["Quibdó", "Istmina", "Tadó", "Bahía Solano", "Acandí"],
  "Córdoba": ["Montería", "Lorica", "Cereté", "Sahagún", "Tierralta", "Montelíbano"],
  "Cundinamarca": ["Soacha", "Zipaquirá", "Facatativá", "Chía", "Girardot", "Fusagasugá", "La Calera", "Cajicá", "Madrid", "Mosquera"],
  "Guainía": ["Inírida"],
  "Guaviare": ["San José del Guaviare", "Calamar", "Miraflores"],
  "Huila": ["Neiva", "Pitalito", "Garzón", "La Plata", "Campoalegre"],
  "La Guajira": ["Riohacha", "Maicao", "Uribia", "Fonseca", "San Juan del Cesar"],
  "Magdalena": ["Santa Marta", "Ciénaga", "Fundación", "El Banco", "Zona Bananera"],
  "Meta": ["Villavicencio", "Acacías", "Granada", "San Martín", "Puerto López"],
  "Nariño": ["Pasto", "Ipiales", "Tumaco", "Túquerres", "Sandoná"],
  "Norte de Santander": ["Cúcuta", "Ocaña", "Pamplona", "Villa del Rosario", "Los Patios"],
  "Putumayo": ["Mocoa", "Puerto Asís", "Orito"],
  "Quindío": ["Armenia", "Montenegro", "Calarcá", "La Tebaida", "Circasia"],
  "Risaralda": ["Pereira", "Dosquebradas", "Santa Rosa de Cabal", "La Virginia"],
  "San Andrés y Providencia": ["San Andrés", "Providencia"],
  "Santander": ["Bucaramanga", "Floridablanca", "Girón", "Piedecuesta", "Barrancabermeja", "Socorro", "San Gil"],
  "Sucre": ["Sincelejo", "Corozal", "Sampués", "San Onofre"],
  "Tolima": ["Ibagué", "Espinal", "Melgar", "Líbano", "Honda"],
  "Valle del Cauca": ["Cali", "Palmira", "Tuluá", "Buenaventura", "Cartago", "Buga", "Yumbo", "Jamundí"],
  "Vaupés": ["Mitú"],
  "Vichada": ["Puerto Carreño", "La Primavera"]
}
